{
  "QB": {
    "n": 487,
    "n_with_adp": 96,
    "multi_season_window": "last_n",
    "model_mae": 95.85651422340548,
    "naive_mae": 95.7957553652998,
    "model_spearman_vs_actual": 0.5773580491888681,
    "adp_spearman_vs_actual": 0.4914371367141665,
    "model_spearman_vs_actual_adp_matched": 0.01857032884685409
  },
  "RB": {
    "n": 833,
    "n_with_adp": 211,
    "multi_season_window": "recency_weighted",
    "model_mae": 64.60385217078998,
    "naive_mae": 61.51471369103027,
    "model_spearman_vs_actual": 0.5824180345450565,
    "adp_spearman_vs_actual": 0.5344442091842141,
    "model_spearman_vs_actual_adp_matched": 0.44519835285605386
  },
  "WR": {
    "n": 1300,
    "n_with_adp": 250,
    "multi_season_window": "recency_weighted",
    "model_mae": 61.74604444920458,
    "naive_mae": 60.27311218816647,
    "model_spearman_vs_actual": 0.6277868678110828,
    "adp_spearman_vs_actual": 0.5601338650579064,
    "model_spearman_vs_actual_adp_matched": 0.2524248722970549
  },
  "TE": {
    "n": 671,
    "n_with_adp": 80,
    "multi_season_window": "recency_weighted",
    "model_mae": 44.35140944559267,
    "naive_mae": 40.85619232435995,
    "model_spearman_vs_actual": 0.5879266596211389,
    "adp_spearman_vs_actual": 0.45209951065915405,
    "model_spearman_vs_actual_adp_matched": 0.29900725514542237
  }
}