{
  "QB": {
    "n": 487,
    "n_with_adp": 20,
    "n_splits": 10,
    "multi_season_window": "last_n",
    "model_mae": 95.85651422340548,
    "naive_mae": 95.7957553652998,
    "model_spearman_vs_actual": 0.5773580491888681,
    "adp_spearman_vs_actual": 0.5142857142857143
  },
  "RB": {
    "n": 833,
    "n_with_adp": 45,
    "n_splits": 10,
    "multi_season_window": "recency_weighted",
    "model_mae": 64.60385217078998,
    "naive_mae": 61.514713691030266,
    "model_spearman_vs_actual": 0.5824180345450565,
    "adp_spearman_vs_actual": 0.5520603448431174
  },
  "WR": {
    "n": 1300,
    "n_with_adp": 55,
    "n_splits": 10,
    "multi_season_window": "recency_weighted",
    "model_mae": 61.74604444920458,
    "naive_mae": 60.27311218816647,
    "model_spearman_vs_actual": 0.6277868678110828,
    "adp_spearman_vs_actual": 0.4824214875327142
  },
  "TE": {
    "n": 671,
    "n_with_adp": 17,
    "n_splits": 10,
    "multi_season_window": "recency_weighted",
    "model_mae": 44.35140944559267,
    "naive_mae": 40.85619232435995,
    "model_spearman_vs_actual": 0.5879266596211389,
    "adp_spearman_vs_actual": 0.6764705882352942
  }
}